Teams,Week 1,Week 2,Week 3,Week 4,Week 5,Week 6,Week 7,Week 8,Week 9,Week 10,Week 11,Week 12,Week 13,Week 14,Week 15,Week 16,Week 17,Week 18,Week 19,Week 20,Week 21
Arenas Maximus II,Fat Pandas,Tank for Taco,Grab Em By The Balls,Hinkie's Redux,Ayton Of Stats,Hoop Jones,Kotler's Krew,Penetrating P Pusher,Jock Itches,The Gaza Strippers,Terabytes,Fat Pandas,Tank for Taco,Grab Em By The Balls,Hinkie's Redux,Ayton Of Stats,Hoop Jones,Hoop Jones,Kotler's Krew,Penetrating P Pusher,Jock Itches
Ayton Of Stats,Kotler's Krew,Penetrating P Pusher,Jock Itches,The Gaza Strippers,Arenas Maximus II,Fat Pandas,Tank for Taco,Grab Em By The Balls,Hinkie's Redux,Terabytes,Hoop Jones,Kotler's Krew,Penetrating P Pusher,Jock Itches,The Gaza Strippers,Arenas Maximus II,Fat Pandas,Fat Pandas,Tank for Taco,Grab Em By The Balls,Hinkie's Redux
Fat Pandas,Arenas Maximus II,Terabytes,Tank for Taco,Grab Em By The Balls,Hinkie's Redux,Ayton Of Stats,Hoop Jones,Kotler's Krew,Penetrating P Pusher,Jock Itches,The Gaza Strippers,Arenas Maximus II,Terabytes,Tank for Taco,Grab Em By The Balls,Hinkie's Redux,Ayton Of Stats,Ayton Of Stats,Hoop Jones,Kotler's Krew,Penetrating P Pusher
Grab Em By The Balls,Jock Itches,The Gaza Strippers,Arenas Maximus II,Fat Pandas,Tank for Taco,Terabytes,Hinkie's Redux,Ayton Of Stats,Hoop Jones,Kotler's Krew,Penetrating P Pusher,Jock Itches,The Gaza Strippers,Arenas Maximus II,Fat Pandas,Tank for Taco,Terabytes,Terabytes,Hinkie's Redux,Ayton Of Stats,Hoop Jones
Hinkie's Redux,Penetrating P Pusher,Jock Itches,The Gaza Strippers,Arenas Maximus II,Fat Pandas,Tank for Taco,Grab Em By The Balls,Terabytes,Ayton Of Stats,Hoop Jones,Kotler's Krew,Penetrating P Pusher,Jock Itches,The Gaza Strippers,Arenas Maximus II,Fat Pandas,Tank for Taco,Tank for Taco,Grab Em By The Balls,Terabytes,Ayton Of Stats
Hoop Jones,Terabytes,Kotler's Krew,Penetrating P Pusher,Jock Itches,The Gaza Strippers,Arenas Maximus II,Fat Pandas,Tank for Taco,Grab Em By The Balls,Hinkie's Redux,Ayton Of Stats,Terabytes,Kotler's Krew,Penetrating P Pusher,Jock Itches,The Gaza Strippers,Arenas Maximus II,Arenas Maximus II,Fat Pandas,Tank for Taco,Grab Em By The Balls
Jock Itches,Grab Em By The Balls,Hinkie's Redux,Ayton Of Stats,Hoop Jones,Kotler's Krew,Penetrating P Pusher,Terabytes,The Gaza Strippers,Arenas Maximus II,Fat Pandas,Tank for Taco,Grab Em By The Balls,Hinkie's Redux,Ayton Of Stats,Hoop Jones,Kotler's Krew,Penetrating P Pusher,Penetrating P Pusher,Terabytes,The Gaza Strippers,Arenas Maximus II
Kotler's Krew,Ayton Of Stats,Hoop Jones,Terabytes,Penetrating P Pusher,Jock Itches,The Gaza Strippers,Arenas Maximus II,Fat Pandas,Tank for Taco,Grab Em By The Balls,Hinkie's Redux,Ayton Of Stats,Hoop Jones,Terabytes,Penetrating P Pusher,Jock Itches,The Gaza Strippers,The Gaza Strippers,Arenas Maximus II,Fat Pandas,Tank for Taco
Penetrating P Pusher,Hinkie's Redux,Ayton Of Stats,Hoop Jones,Kotler's Krew,Terabytes,Jock Itches,The Gaza Strippers,Arenas Maximus II,Fat Pandas,Tank for Taco,Grab Em By The Balls,Hinkie's Redux,Ayton Of Stats,Hoop Jones,Kotler's Krew,Terabytes,Jock Itches,Jock Itches,The Gaza Strippers,Arenas Maximus II,Fat Pandas
Tank for Taco,The Gaza Strippers,Arenas Maximus II,Fat Pandas,Terabytes,Grab Em By The Balls,Hinkie's Redux,Ayton Of Stats,Hoop Jones,Kotler's Krew,Penetrating P Pusher,Jock Itches,The Gaza Strippers,Arenas Maximus II,Fat Pandas,Terabytes,Grab Em By The Balls,Hinkie's Redux,Hinkie's Redux,Ayton Of Stats,Hoop Jones,Kotler's Krew
Terabytes,Hoop Jones,Fat Pandas,Kotler's Krew,Tank for Taco,Penetrating P Pusher,Grab Em By The Balls,Jock Itches,Hinkie's Redux,The Gaza Strippers,Ayton Of Stats,Arenas Maximus II,Hoop Jones,Fat Pandas,Kotler's Krew,Tank for Taco,Penetrating P Pusher,Grab Em By The Balls,Grab Em By The Balls,Jock Itches,Hinkie's Redux,The Gaza Strippers
The Gaza Strippers,Tank for Taco,Grab Em By The Balls,Hinkie's Redux,Ayton Of Stats,Hoop Jones,Kotler's Krew,Penetrating P Pusher,Jock Itches,Terabytes,Arenas Maximus II,Fat Pandas,Tank for Taco,Grab Em By The Balls,Hinkie's Redux,Ayton Of Stats,Hoop Jones,Kotler's Krew,Kotler's Krew,Penetrating P Pusher,Jock Itches,Terabytes
